Model,True Positive (%),True Negative(%),Precision (%),f1 Measure (%),Accuracy (%)
Random Forest,93.35,90.06,84.92797573919636,88.94005557761017,91.29374999999999
C4.5 (Decision Tree),92.96666666666667,87.94,82.22287735849056,87.26533166458073,89.825
Neural Network (MLP),89.5,86.14,79.48490230905861,84.19567262464722,87.4
Adaboost,89.51666666666667,83.89999999999999,76.9374015184071,82.75171404360219,86.00625
SVM (SVC-rbf),85.23333333333333,85.85000000000001,78.32746209220402,81.63460771011253,85.61875
SMO (SVC-linear),86.46666666666667,82.78999999999999,75.09046171660152,80.37803083120303,84.16875
Logistic Regression,85.45,83.5,75.65294378043383,80.25358065273538,84.23125
Naive Bayes,94.08333333333333,40.83,48.82373291818025,64.28652773032684,60.8
