Model,True Positive (%),True Negative(%),Precision (%),f1 Measure (%),Accuracy (%)
Random Forest,93.41666666666667,89.92999999999999,84.77011494252874,88.88360291785601,91.23750000000001
C4.5 (Decision Tree),93.0,88.2,82.54437869822485,87.46081504702194,90.0
Neural Network (MLP),87.56666666666668,86.98,80.14032946918853,83.6890729531698,87.2
Adaboost,88.9,84.15,77.09206532735945,82.576050777924,85.93125
SVM (SVC-rbf),93.41666666666667,78.46,72.2386905529063,81.47394432734937,84.06875000000001
Logistic Regression,93.65,77.07000000000001,71.01870576339738,80.77918343875791,83.28750000000001
SMO (SVC-linear),95.26666666666667,74.51,69.15910465819721,80.14020329477742,82.29375
Naive Bayes,94.1,35.6,46.715207678305475,62.43503262191751,57.537499999999994
